杉本,豊
首藤,大
宮地,正敏
吉本,有海
邑野,有起哉
高島,明
椎名,倫子
古賀,豊
角田,恵子
大江,はるか
末永,勤
牧野,広司
原田,法子
山田,茜
中山,千夏
結城,芽以
小平,雅彦
熊田,美和子
手塚,雅彦
西秋,慢太郎
佐竹,徹
久保,路子
恩田,未華子
畑,真希
丸田,結子
島崎,しぼり
中根,将也
芦田,憲一
高島,一樹
森本,みき
内藤,雅彦
菅沼,礼子
西尾,涼子
中井,夏希
有田,丈史
斉藤,遥
森田,真一
宇佐美,薫
落合,淳
内村,人志
立川,莉沙
神木,遥
田中,聖陽
目黒,美紀
小平,沙知絵
三木,豊
今,智花
下川,くるみ
首藤,陽子
有村,六郎
前野,一樹
坂口,七世
竹内,ひとみ
石山,満
木戸,了
玉木,知史
進藤,あや子
岩間,亮
北川,麻由子
遠藤,友以乃
大友,恵美
滝,英嗣
村瀬,涼子
金山,美幸
伊東,豊
前野,六郎
板橋,美嘉
橋爪,めぐみ
杉山,まみ
星野,染五郎
小林,彩華
奥田,徹平
小関,麻緒
田村,明宏
中林,祐一
赤松,あい
福地,一恵
池内,洋
島津,蒼甫
日野,結衣
今泉,未來
津川,慶太
田口,賢治
吹越,完爾
金丸,功補
伊東,恵梨香
岩田,さとみ
筒井,愛菜
黒木,菜々美
長瀬,聡
緒方,雅彦
鬼頭,美里
志村,仁
森井,サダヲ
若槻,ひろみ
広川,信輔
福田,倫子
松崎,輝信
有賀,俊二
一青,雅功
葛山,はるか
深田,照生
妹尾,光臣
宇多田,涼子
杉野,なつみ
古屋,瑠璃亜
益岡,千佳子
相川,研二
江崎,憲一
菅沼,龍吉
安,薫
藤井,璃子
鶴田,窈
杉野,光
吉沢,理紗
小川,まさし
藤山,ひかり
藤村,真奈美
滝口,れいな
城田,ひとり
宮島,健
細谷,瑠璃亜
松永,那奈
江原,さゆり
相川,みゆき
柴田,真一
杉山,ヒロ
小宮,翔
深井,雅彦
吉永,一
村中,知史
大塚,仁晶
松田,夏希
浅見,千夏
亀山,怜奈
安斎,豊
山岡,沙耶
吉本,明宏
川中,寿々花
菅澤,由美子
目黒,由宇
草村,直人
益岡,莉緒
相沢,秀隆
芦田,知世
久保田,俊介
大森,隆太
玉井,育二
蛍原,恵子
石川,直人
正木,遥
金山,妃里
土居,まさみ
永野,瞬
沢井,惇
西山,圭
井手,照生
相武,奈々
山田,莉央
沼田,直人
佐野,玲那
藤森,杏
林田,真奈美
今西,沙知絵
多岐川,未華子
浅田,友香
福士,里穂
岡島,小雁
三谷,由樹
笹原,詩織
児島,友香
安永,ひとみ
山城,友也
奥,翔太
中谷,獅童
田中,徹
丸山,守
横尾,真悠子
菅井,理紗
畠中,竜也
川畑,美佐
大貫,充則
藤山,茂樹
河合,和久
倉田,ヒロ
矢作,礼子
安倍,美菜
大森,賢治
川口,たまき
吉田,詩織
八十田,幸子
細川,真奈美
首藤,夏希
中島,貴嶺
岩佐,れいな
中川,博明
三谷,佑
明石,佑
早美,あい
大高,なつみ
池内,倫子
石坂,誠一
真田,結衣
大谷,太朗
矢島,豊
ト字,碧海
石坂,光博
高井,ひろみ
細川,敏和
尾形,竜也
熊田,友以乃
仲田,きみまろ
市川,みき
高山,智花
奥田,剛基
諏訪,沙耶
谷川,人志
塚本,雅之
井村,麗奈
中原,景子
鈴木,理紗
松本,真帆
白鳥,知世
福沢,長利
若松,賢治
川瀬,ひかり
千田,遥
益田,みゆき
萩原,明慶
玉木,沙耶
金田,有海
堀江,隆
三宅,惇
金城,さとみ
前島,涼子
辻本,公顕
福山,知史
深田,里穂
岡部,一徳
田尻,真帆
福士,哲平
小野寺,長利
塩見,詩織
首藤,洋
五大,綾女
水田,花緑
児玉,賢治
北田,さやか
石塚,明日
梅沢,華子
浅川,千佳子
安座間,亜希
徳永,ひとみ
山本,早織
成瀬,ひろみ
北条,芽以
坂井,浩太郎
守屋,由樹
三輪,栄一
大谷,哲平
松田,めぐみ
三船,はるか
高島,明
黒川,璃子
井口,みき
村山,美菜
堀川,光臣
大山,隆博
塩見,仁晶
池本,早紀
正木,晴臣
藤山,智花
川原,亮
中島,かおり
柏木,竜也
高井,正敏
滝沢,賢二
外山,ジョージ
深谷,拓郎
森脇,直人
三船,ひろ子
西口,美紀
藤本,奈月
加瀬,直人
金森,くるみ
鈴木,美佳
森岡,景子
井村,美優
三橋,サダヲ
宮部,長利
玉城,優
葛西,寿々花
黒木,由宇
山野,彩
勝田,孝太郎
三船,美佐
大泉,健
藤本,雅彦
米山,麗奈
大谷,美希
豊島,朝陽
沖,六郎
浅野,そら
照井,恵麻
滝川,菜々美
富樫,信吾
中西,恭子
細川,孝太郎
久保,さやか
五味,亮
大畑,ひとみ
芳賀,まなみ
山田,ジローラモ
久保,薫
大野,慶二
市川,高史
蒼井,綾
役所,はるみ
堀江,みあ
結城,徹
小田,美希
余,恵子
内藤,優
井川,麻由子
深田,仁
末吉,新太
品川,さんま
柴田,美佐
玉田,杏
赤松,菜々美
大沼,丈史
上原,はじめ
青山,豊
堤,美里
会田,路子
小池,サンタマリア
木原,美紀
堤,大五郎
布施,鉄洋
立川,悟志
渡部,幸子
武井,沙耶
玉置,功補
富永,真悠子
小笠原,浩正
吉永,完爾
柏木,利夫
日下部,慶太
浅見,完爾
堀,菜々美
金沢,一徳
堀口,一哉
安藤,結子
菅谷,広司
丸山,優
池田,あおい
村山,薫
山形,美嘉
小川,雅彦
大内,和香
大貫,友香
内田,莉緒
北山,光博
対馬,建
平山,夏空
横尾,進
村木,寿々花
柳川,遥
柴田,菜々美
砂川,芽以
松下,圭
田尻,仁晶
佐藤,満
中原,結子
秋山,法嗣
藤木,結衣
小笠原,光臣
小久保,勇介
門脇,愛菜
秋田,裕司
手塚,ちえみ
八田,恵子
葛山,ひろみ
八木,俊二
諏訪,玲那
寺島,芳正
篠山,結子
藤森,宏
宮脇,朝香
小笠原,満
阪口,賢治
日比野,徹
六角,宏
田辺,ちえみ
川口,ジョージ
吉岡,景子
竹内,美咲
布川,悟志
宮城,俊介
梅沢,聖陽
北沢,誠一
藤木,結子
大泉,季衣
岡山,エリカ
堀田,知世
栗原,瞳
河野,知世
西原,真吾
安藤,サダヲ
西田,みゆき
柄本,あや子
清田,サンタマリア
河合,宏行
伊沢,窈
森谷,英嗣
宇多田,弘也
堀,くるみ
沼田,華子
上村,くるみ
小林,さやか
岩田,恵子
末永,満
大木,努
福井,華子
秋田,ちえみ
関,彩華
安藤,碧海
徳田,ケンイチ
岩下,豊
田代,景子
阪本,美幸
秋山,真悠子
松本,あさみ
沢村,光
宇都宮,勝久
筧,大
木原,隆之介
高沢,遥
朝倉,洋介
松崎,瞳
池畑,七世
一木,璃子
益岡,咲
玉木,貴美子
神原,三郎
彼方,悟志
有馬,克実
板橋,有海
大西,美佐
堀北,友以乃
野田,ひろみ
松山,淳子
水島,蒼甫
千田,菜摘
野村,恵美
田村,真吾
神戸,亮介
藤沢,ジローラモ
目黒,恵梨香
森岡,仁晶
若槻,竜次
奥村,七世
吉田,涼
北野,明宏
大山,勇一
下山,なつみ
川合,竜也
阿久津,まなみ
三原,夏希
成海,徹平
町田,杏
坂井,まみ
宮原,一輝
吹石,ヒロ
森永,淳
内村,淳子
北野,拓郎
井原,遥
岩田,慢太郎
坂本,遥
村上,雅之
綾小路,さとみ
秋田,路子
黄川田,雅彦
下村,一
外山,隆太
宮崎,美里
上山,優一
佐藤,ひとみ
岩佐,ケンイチ
磯野,路子
永島,礼子
奥寺,浩太郎
藤森,奈々
楠本,秀隆
宮原,愛梨
加納,碧海
畑,陽子
岩田,恵子
高梨,真一
高松,寿々花
大井,一輝
堀井,一代
浅田,一恵
服部,あや子
及川,那奈
城戸,涼
貫地谷,光良
一青,美佐子
相沢,恭子
飯田,仁晶
大橋,あい
谷村,真帆
合田,友也
内村,理紗
坂下,隆太
中西,大
緒形,みあ
梅沢,京子
坂田,さんま
宇田川,まさみ
米田,涼
若山,寿々花
大島,陽子
安藤,仁晶
石田,あい
増田,由樹
山瀬,莉央
相沢,あき
近藤,和久
小杉,和之
遠藤,寛治
岩淵,昴
堤,俊二
堀内,雄太
目黒,かおり
菅沼,美和子
矢沢,草太
今,優
武内,かおり
河合,龍吉
山崎,ひとみ
磯村,聡
高見,なぎさ
三輪,れいな
倉田,宏
大和,きみまろ
塚原,ひろみ
宮里,輝信
池内,芽以
石本,明宏
劇団,しほり
及川,くるみ
鎌田,浩太郎
西野,鉄二
香椎,ジローラモ
本田,真悠子
紺野,優
三谷,きみまろ
草村,一樹
高橋,郁恵
柄本,勇
小沢,ヒロ
坂口,慶太
三沢,サンタマリア
石原,優
橋本,六郎
福士,さやか
関根,恭子
水田,知世
一木,淳子
梅田,兼
真矢,コウ
宇野,敦
平塚,豊
深田,正敏
片山,圭
大石,あおい
宮川,ひろ子
松本,ヒカル
榊原,陽子
高岡,陽子
渡辺,早紀
小松,豊
矢野,友香
日下部,まさみ
片桐,雄太
相川,里穂
須藤,なつみ
影山,満
川端,光臣
村木,あい
花田,人志
田村,はるみ
水田,まなみ
保坂,洋介
坂本,花
田淵,マサカズ
岸,将也
柴田,勤
平良,さやか
米谷,明
山中,祐一
笠原,賢治
川辺,瞬
宮川,慎之介
坂上,勤
新谷,豊
中田,沙知絵
小久保,まさし
内田,法嗣
小野田,惇
三沢,栄一
石倉,詩織
武田,涼
亀井,サンタマリア
北村,路子
塚田,まさし
柴田,恭子
赤木,路子
中林,杏
宇佐美,未華子
岩間,ヒロ
熊倉,あや子
伊東,浩介
外山,康文
西村,明
伊崎,明
川島,なつみ
高沢,優
大竹,寿明
小島,徹
浅野,丈雄
藤田,了
大友,啓介
梅沢,綾
会田,希
内野,碧海
石沢,くるみ
今泉,マサカズ
平沢,寛
沢,菜々美
鳥居,努
花岡,右京
近藤,めぐみ
吉田,洋介
片桐,由樹
高岡,太朗
植村,蒼甫
田上,鉄二
庄司,瞳
小笠原,美紀
玉井,なつみ
片桐,美月
車,右京
徳重,弘也
相武,憲一
本間,真吾
落合,奈々
関,恵梨香
佐川,春樹
橘,あさみ
八十田,達士
小川,昌代
小泉,功補
平松,輝信
大和,桃子
菅野,瞬
谷,エリカ
村岡,みゆき
仲村,ヒロ
玉置,りえ
内山,菊生
三好,高史
丸田,涼子
小沼,優
中里,美和子
角,礼子
平田,さやか
仲田,了
松浦,えみ
手塚,礼子
滝沢,誠治
増田,あさみ
尾崎,健
江原,遥
勝地,なつみ
竹本,六郎
根本,一
大沢,雅彦
都築,丈雄
池上,玲那
大久保,まさし
田辺,かおり
寺岡,精児
坂元,愛
松浦,未來
平岡,あさみ
村中,あさみ
山内,はじめ
伊丹,雅功
細野,晃司
山中,美佐
河田,たまき
戎,佳乃
河田,拓郎
藤田,愛菜
村中,正敏
益田,米蔵
秋山,れいな
梶原,きみまろ
田尻,芽以
半田,和香
秦,恵子
市川,秀樹
寺岡,みあ
栗田,美里
水谷,優
金森,和久
藤山,完爾
鶴岡,麻由子
岩佐,愛子
青山,薫
関根,洋介
芦屋,小雁
白石,美幸
小笠原,美希
楠本,サンタマリア
大津,優一
笠井,陽子
北条,晃司
臼井,愛子
沖,ちえみ
須田,窈
菅井,光
上条,雅之
西原,亮
南,竜也
久米,愛子
奥野,エリカ
芳賀,菜々美
金沢,ひとり
笠原,豊
花岡,窈
西川,幸平
浅田,ひろみ
藤沢,優
坂元,なつみ
小幡,由樹
石井,樹里
河西,功補
車,ヒカル
北,なぎさ
寺田,莉沙
平川,莉沙
大友,美紀
志水,美佐
江川,敦
永瀬,寿々花
古沢,健
矢野,光臣
谷村,慶二
渡部,寛治
小野田,莉沙
竹下,雄太
川野,奈央
紺野,愛子
寺西,大樹
小坂,怜奈
金児,恵望子
寺田,くるみ
荒川,龍吉
藤井,なつみ
寺島,了
笠原,真帆
和田,蒼甫
田中,礼子
野中,さゆり
池内,了
宮坂,友以乃
清野,慢太郎
小野寺,文世
長尾,京子
和田,あや子
木本,千佳子
松澤,健
長井,愛菜
榊原,光
相原,恭子
本山,路子
三木,礼子
西谷,遥
神田,聡
三上,由樹
西川,奈央
根岸,禄郎
深沢,美佐子
大久保,光
早美,瞳
坂井,直人
奥山,将也
富沢,亜希
渡部,光
北村,あさみ
三上,あい
内野,慢太郎
岸本,莉沙
保坂,信吾
車,ジローラモ
合田,光良
高嶋,慎之介
渡部,亮介
小峰,扶樹
狩野,友以乃
倉持,瞳
小泉,哲平
山西,竜也
萩原,陽子
金森,恵梨香
菊地,賢二
日比野,みき
足立,しぼり
池本,ノブヒコ
有馬,真奈美
高崎,樹里
榎本,一哉
伊藤,宏行
中島,淳
寺西,コウ
沢田,照生
吉野,美佐子
石渡,亮介
阿井,建
熊倉,美里
金児,竜也
安倍,薫
安達,蒼甫
瀬戸,みゆき
富岡,浩介
岩佐,サンタマリア
藤村,あや子
清水,賢治
内藤,紗季
木戸,ノブヒコ
柴山,長利
香川,誠治
水田,さとみ
沼田,由美子
小山,早紀
妻夫木,春樹
大沼,友以乃
橋爪,未來
中沢,三省
長田,大五郎
海老原,菜々美
金井,隆博
篠田,美嘉
児島,夏希
沼田,奈々
磯野,愛
松岡,砂羽
土田,一代
河田,鉄二
本上,功補
岩本,優
浅井,希
富田,太朗
西山,さんま
織田,なぎさ
川上,信吾
紺野,明日
田淵,鉄洋
藤島,有海
柴咲,薫
山田,ひろみ
野村,恵麻
笠原,優一
遠山,あさみ
松尾,美菜
白井,知世
乾,祐一
上野,剛基
青柳,マサカズ
松居,ヒカル
杉野,綾
高嶋,明日
横井,景子
氏家,竜也
横田,芳正
古山,淳子
沖,恵梨香
立花,七世
飯田,徹
梅村,美佳
三村,正義
藤木,一哉
岩井,俊二
山野,由美子
戸田,晴臣
坂元,博之
芦屋,憲一
荒川,悟志
柴山,将也
佐川,恵麻
中本,博之
多部,博明
牧,たかお
妹尾,宏行
浜口,獅童
塚原,まさみ
柴田,照生
萩原,美帆
首藤,優
奈良,はるみ
矢口,菊生
梶原,華子
益岡,俊二
横田,洋
山内,弘也
矢野,美嘉
鬼頭,恵梨香
寺本,満
佐竹,郁恵
倉田,さやか
永山,美紀
金森,結子
浜本,はるみ
青山,真奈美
村田,まさみ
泉,染五郎
浜田,進
大城,剛基
小松,敏也
藤島,長利
森下,建
毛利,菊生
荻原,輝信
丸田,ちえみ
杉田,徹
藤田,愛
大沢,里穂
野村,涼子
三島,智花
大槻,きみまろ
神田,サンタマリア
安,薫
大森,憲史
南,隼士
吉田,景子
松澤,璃子
前田,将也
中尾,守
砂川,智花
寺島,真一
中原,恵子
車,寿々花
志村,咲
目黒,優
井田,ノブヒコ
山根,美幸
北村,将也
関口,りえ
福山,耕司
江藤,朝陽
大石,博之
阪口,大五郎
本間,敏也
中西,勝久
大滝,真悠子
松田,美佐子
前原,由宇
片瀬,美和子
牧,六郎
曽根,利夫
大西,智花
上野,宏
津田,三省
竹内,郁恵
岡崎,遥
榊原,光臣
外山,れいな
難波,祐一
正木,淳子
平野,浩正
内山,菜摘
宮地,咲
柄本,勝久
小出,マサカズ
金山,雅之
西,幸平
有村,ヒカル
川合,由美子
米山,秀樹
藤,彩
小平,沙知絵
野島,サンタマリア
鶴岡,龍吉
松下,賢治
三橋,美嘉
市村,博之
市田,博之
難波,莉央
勝田,貴嶺
黄川田,智花
平野,完爾
高尾,美和子
坂上,遥
板倉,将也
吉永,賢二
宇都宮,まみ
飯島,鉄二
西口,薫
松本,一輝
松崎,フミヤ
玉田,あや子
下田,満
松居,路子
星,雅之
田崎,一恵
大浦,莉央
西尾,ひとみ
堀江,美紀
福山,ジョージ
柏原,麻緒
松田,あさみ
津田,獅童
上条,米蔵
赤羽,浩介
西浦,翔太
北川,翔
山岸,勝久
松沢,憲一
児島,芳正
さだ,優
生田,祐一
山西,敦
柳,希
猪股,ひろ子
藤井,恭子
川原,さやか
井田,なつみ
窪田,徹
山岡,真一
寺岡,美佐
飯田,サダヲ
市川,あおい
新田,貴美子
米田,雅彦
小町,恵麻
村山,サンタマリア
国分,真吾
細野,玲那
玉井,ちえみ
小倉,徹
橘,和久
寺脇,美佳
森岡,蒼甫
和泉,洋
木内,英嗣
水崎,三郎
梅村,まさみ
塚本,雅之
滝沢,一樹
角谷,美希
山中,高史
米山,将也
杉原,さやか
宮崎,路子
松山,大
西村,優
水谷,サンタマリア
土屋,理紗
若松,美紀
竹村,寛治
熊倉,詩織
坂井,拓郎
矢口,竜次
松井,克実
林田,真希
飯島,哲平
菅野,法嗣
大竹,なぎさ
大貫,知世
矢作,信輔
藤井,恵梨香
相馬,晴臣
高島,路子
石山,一代
日下,広之
益岡,ひとり
奥山,さとみ
寺井,愛梨
安倍,徹平
川越,隆太
窪田,あや子
金田,貴美子
川畑,博明
日下部,あさみ
原田,早紀
相川,朝陽
海老原,夏希
岩沢,コウ
石原,勝久
吉本,ひとり
玉木,正義
大林,完爾
天野,美嘉
森永,ちえみ
西岡,美咲
伊藤,サンタマリア
大井,薫
恩田,俊介
田島,兼
五十嵐,佑
古田,真悠子
阿井,達士
水谷,未華子
志賀,ケンイチ
滝本,陽子
玉城,人志
岩本,啓介
福田,ケンイチ
宇多田,雄太
保坂,まさし
貫地谷,奈月
高倉,有起哉
川井,恭子
浜野,芳正
長田,愛梨
林,さやか
大河内,麻緒
今,早紀
坂上,れいな
田島,研二
上野,一
富樫,麻緒
日高,文世
深沢,竜也
板橋,雅彦
竹中,さとみ
大田,ジローラモ
内海,桃子
沢井,美里
古川,ジローラモ
若松,浩太郎
脇田,莉沙
田端,真吾
島村,ケンイチ
滝本,怜奈
柳川,ひろ子
喜多,瞬
朝倉,美智子
黒岩,慎之介
浅沼,茂樹
長田,莉緒
矢口,はじめ
畠中,光臣
相川,淳子
広末,美優
津田,長利
奥山,秀樹
加納,博之
戎,真奈美
ともさか,薫
川原,努
栗原,そら
麻生,愛
神木,輝信
宮脇,希
安部,広之
安,浩正
塩沢,勤
梅本,朝陽
安達,夏空
宇多田,光
益田,サダヲ
山根,明
阿部,涼
大槻,桃子
早川,俊二
大庭,慎之介
木田,右京
浅野,奈央
唐沢,ちえみ
津川,優
門田,涼
吉川,文世
竹本,薫
豊田,晋也
依田,奈央
三谷,博明
丸山,勇
宮崎,昌代
小田島,徹平
本山,真奈美
渡辺,美優
滝川,かおり
三島,遥
松尾,賢二
杉田,真悠子
岡田,南朋
小泉,浩太郎
八十田,竜也
上村,しぼり
田原,哲平
岩本,小雁
江藤,信吾
高島,兼
明石家,麻由子
内村,恵美
奥貫,紗季
三木,陽子
上杉,紗季
相川,慢太郎
富沢,美幸
太田,仁晶
新谷,ヒロ
北条,瞬
吉川,優
劇団,綾女
熊谷,美希
藤森,美優
永野,直人
藤島,くるみ
川野,昌代
西谷,だん吉
香椎,新太
川島,光博
柴田,隆之介
堀,はるか
豊島,文世
河村,涼
出口,遥
相田,まなみ
深田,染五郎
村中,徹
大竹,ヒロ
石倉,菊生
寺沢,勤
佐藤,郁恵
笹川,光
西口,徹
白木,メイサ
梅村,敏和
白川,沙知絵
日下,倫子
さだ,ちえみ
奈良,法子
福士,浩介
平山,路子
中島,光良
坂東,信輔
土屋,智花
石崎,慎之介
坂井,ひとみ
高橋,なつみ
中塚,砂羽
柴田,明
今野,菜々美
植田,俊二
藤井,満
金城,コウ
畑中,優
阪口,洋介
浅野,竜次
石橋,ヒロ
北原,大樹
沢,未來
小野寺,麗奈
岸田,明宏
小山,薫
南,耕司
木村,朝陽
中村,友也
杉野,砂羽
満島,光洋
小山,照生
藤沢,なぎさ
武田,さとみ
唐沢,恵子
西村,さとみ
氏家,愛梨
塚田,雅之
戸塚,隆博
宮田,恵望子
矢部,明
杉本,基祐
宮迫,明日
根本,瑠璃亜
米倉,サンタマリア
豊原,里奈
吉本,育子
石沢,しほり
渋谷,一輝
横田,そら
波多野,一輝
星野,豊
五十嵐,涼
草野,佳乃
門田,フミヤ
海野,美月
宮本,健
青木,耕司
広川,結子
池畑,美帆
島村,麻由子
喜多,景子
倉持,由美子
高畑,千夏
小関,孝太郎
奥山,ひとみ
小池,勤
黒川,薫
内藤,七世
雨宮,新太
根岸,剛基
門田,由宇
奈良,勇太
森口,智花
鹿賀,はるみ
石崎,彩華
角谷,一徳
小沼,涼
宮地,小雁
笠井,美佐
浜本,優
柳川,ひろ子
谷川,寿々花
岡田,えみ
丸田,郁恵
竹中,はるみ
永井,一恵
風間,優
河内,美希
久保,礼子
上野,さやか
上田,秀隆
唐沢,淳子
山上,美嘉
根本,獅童
川瀬,新太
相武,なつみ
北田,恵望子
生田,杏
ユースケ,了
神原,翔子
梅原,丈史
新垣,未來
曽我,奈央
曽我,華子
川畑,竜也
平山,信輔
藤村,慢太郎
米谷,千佳子
岩間,詩織
安永,仁
中里,ひとり
牧田,敦
竹下,しほり
福士,綾
池谷,聡
高崎,まさし
川口,竜次
橘,隆太
永島,美幸
白井,郁恵
田上,麻由子
尾崎,由宇
佐竹,祐一
大崎,たまき
沢村,礼子
阿部,洋
深田,砂羽
寺島,和久
楠本,杏
野田,恭子
堀井,沙知絵
米田,宏行
堀,麻由子
山崎,たまき
那須,薫
清野,由宇
河本,美帆
相原,了
平川,優
牧,ケンイチ
及川,哲平
高松,有海
森,はるか
芦田,秀樹
寺沢,崇史
長岡,誠一
河西,礼子
片瀬,はるか
太田,怜奈
牧,隆
有賀,メイサ
深沢,勝久
後藤,たまき
橋爪,兼
林田,徹
木田,雅彦
金井,一
大橋,怜奈
大和田,洋介
町田,法子
鶴岡,里奈
滝,真奈美
北川,千佳子
田中,涼
内野,光
中本,美智子
吉野,一徳
相川,しぼり
田尻,華子
高谷,倫子
柴山,一輝
五大,栄一
板垣,隆
中根,メイサ
島津,和久
藤沢,智花
横尾,そら
小野,誠治
門田,明
大庭,栄一
黄川田,陽子
石川,満
有賀,未華子
北川,竜次
武田,ちえみ
畠山,千夏
根本,めぐみ
小峰,草太
星野,瑠璃亜
富樫,璃子
森川,涼
黒谷,なつみ
岡本,哲平
増井,まひる
原口,みき
須藤,あき
藤沢,綾女
河原,浩太郎
木村,花緑
浜口,未來
浜田,あさみ
藤岡,コウ
小市,美菜
城咲,恵美
新井,豊
豊田,千夏
桜井,碧海
佐々木,真吾
佐藤,はるか
田淵,真悠子
新垣,一恵
梅原,ジョージ
河村,ちえみ
赤木,景子
星野,沙知絵
黒崎,裕司
塩見,怜奈
石田,雅彦
塩沢,美月
松村,輝信
堀,美幸
塩谷,恵梨香
岩井,ちえみ
宇野,まさし
土井,真奈美
今泉,由宇
伊東,あや子
本村,美幸
篠原,だん吉
牧野,愛子
水島,友香
中田,亜希
細井,徹
西秋,恵梨香
飯塚,くるみ
平野,まさみ
大竹,惇
西井,希
上条,佳乃
松原,薫
本田,敏和
玉田,景子
坂口,かおり
西本,広司
市川,浩太郎
和泉,なぎさ
野呂,由宇
塩田,智花
石黒,翔子
小栗,薫
大野,育二
今井,紗季
大畑,美里
板倉,ひとみ
竹田,一徳
臼井,洋
岸,沙知絵
小松,裕司
有賀,ひかり
秋本,美佐
井手,優一
吉田,完爾
村井,那奈
丸山,貴嶺
山田,遥
松下,一樹
松原,淳子
渋谷,功補
宮里,恵望子
堀,きみまろ
竹内,沙知絵
橘,那奈
田沢,未來
石坂,朝香
江川,扶樹
山崎,人志
小島,郁恵
白川,早紀
落合,明
津川,美里
合田,染五郎
石野,綾
堀井,未來
小栗,郁恵
野際,隆之介
妻夫木,亜希
柏木,真吾
坂元,育子
浅利,さやか
筧,怜奈
小町,京子
大和,優一
柄本,貴美子
石原,正義
倉田,長利
大久保,翔子
若林,弘也
田尻,奈々
久保田,彩
山岸,菜摘
村上,恵子
草村,咲
米田,満
石倉,路子
横田,美咲
高柳,あき
山下,知世
若林,孝太郎
香川,勇
織田,一徳
峰,充則
稲田,恵梨香
熊田,勇一
榊原,智花
松岡,勝久
大沢,麗奈
妻夫木,宏
芦田,涼子
西原,丈雄
谷,獅童
布川,莉沙
杉原,かおり
谷口,エリカ
須賀,直人
滝口,小百合
清田,徹
丹野,小百合
大竹,昌代
大川,秀樹
宮川,恭子
藤村,佳乃
奥村,京子
秋田,満
瀬尾,真悠子
氏家,那奈
末吉,奈月
藤井,真一
美輪,鉄二
岸田,優
塚本,真帆
大庭,慢太郎
菅,優
安達,一樹
富永,愛子
高橋,建
渡部,哲平
山内,陽子
石本,一徳
江原,綾女
西秋,知史
谷川,あさみ
宮迫,詩織
坂下,まひる
阪本,未來
藤島,圭
中井,まひる
加藤,綾女
甲斐,めぐみ
大城,賢治
板垣,有起哉
小山,寛治
栗林,洋介
細谷,良介
星,さゆり
今井,樹里
深田,春樹
岩永,育二
児島,栄一
和泉,圭
相原,砂羽
吹石,エリカ
坂口,路子
中田,美優
佐々木,宏行
石本,美菜
とよた,智花
田原,寛治
手島,怜奈
大浦,雄太
富永,なつみ
高岡,佑
相沢,友香
とよた,由宇
羽田,瑠璃亜
小池,真帆
河西,真一
田端,美佐
浅野,優
中川,未來
高橋,真奈美
朝倉,美希
若松,エリカ
松岡,佳乃
塩見,和久
佐古,雅之
宮地,さとみ
沢田,彩華
上村,浩太郎
寺島,あき
鳥居,美里
今田,フミヤ
西本,洋介
染谷,コウ
藤澤,人志
木村,郁恵
深沢,美希
岸部,そら
神野,恵梨香
安倍,真吾
藤井,祐基
市村,和久
中村,さやか
永瀬,真帆
若松,勇一
末吉,幸子
宮島,建
鎌田,大樹
船橋,米蔵
寺井,遥
滝,美紀
近藤,公顕
神谷,洋
角田,光臣
境,ひろみ
富永,勇
谷川,翔子
西島,美幸
池内,南朋
宮坂,亮
板橋,明
市原,恵梨香
前原,エリカ
松沢,美智子
上原,美帆
脇田,コウ
滝,法嗣
宇野,薫
高樹,勝久
北島,京子
松尾,勤
市川,孝太郎
小平,豊
堤,兼
中里,結衣
川中,浩正
宮島,里穂
米沢,さとみ
及川,薫
小田島,みあ
塩谷,はるか
岸部,建
松島,利夫
福士,亮
塩見,大
深井,人志
大塚,栄一
岡本,しほり
沖田,そら
志水,恵梨香
長友,薫
佐藤,真吾
富樫,希
明石家,智花
河合,早織
小幡,有起哉
長友,希
杉浦,まなみ
毛利,由宇
林田,広之
西秋,太朗
畑,守
土橋,理紗
長谷川,薫
筒井,友以乃
笹原,明
広瀬,新太
横田,だん吉
石本,華子
河合,啓介
上村,陽介
奥山,広之
小野寺,薫
小沢,貴美子
橋本,雅功
中原,明
秋山,慎之介
本田,有海
小柳,裕司
大矢,ひとみ
哀川,真悠子
落合,朝陽
永井,雅功
太田,ひかり
福井,サンタマリア
北川,雅彦
浦田,マサカズ
高松,貴美子
前田,さゆり
高畑,裕司
谷川,拓郎
西田,晴臣
片桐,瞬
早美,雅之
塚田,照生
藤井,瞳
小谷,憲一
米田,亮
中林,小百合
田淵,佳乃
岩瀬,一
澤田,米蔵
松田,さやか
上原,菜々美
和泉,勇太
阿井,彩華
小泉,あさみ
進藤,耕司
今泉,蒼甫
徳田,徹平
田淵,麻緒
野際,洋介
長澤,はじめ
大島,彩
内村,美佳
横田,孝太郎
橋口,光良
坂口,翔
中野,陽子
宮沢,利夫
乾,良介
吉永,光洋
志水,和久
西脇,美幸
峰,美菜
寺岡,サンタマリア
市川,遥
植松,夏希
梅田,祐基
諏訪,ノブヒコ
松山,朝香
平尾,愛梨
大坂,七世
神原,マサカズ
三谷,倫子
杉本,美幸
中谷,聡
北村,郁恵
中原,明
西秋,綾
徳田,聡
八木,知史
北,貴嶺
栗林,綾
片桐,大樹
岡田,優
塩見,まみ
岡本,奈央
堀川,玲那
牧野,瑠璃亜
本多,真一
平塚,隼士
熊倉,弘也
朝倉,京子
園田,健
長野,勤
藤原,由美子
田口,賢二
妹尾,賢治
矢田,勇一
北島,光洋
井田,京子
大畑,沙耶
尾形,恵望子
織田,芽以
大橋,賢治
井本,恵梨香
秋元,さんま
北条,敦
石丸,雅之
菅井,進
土田,達士
赤木,碧海
藤沢,洋
柳田,薫
平林,優
片桐,真帆
小倉,隼士
谷川,碧海
野呂,基祐
林,瞬
真矢,亮
細山,恵梨香
浜野,茜
木村,精児
宮崎,勝久
守屋,サダヲ
浅井,貴嶺
真鍋,明
土橋,孝太郎
白井,亮
大槻,直人
前野,光良
広瀬,ひかり
石塚,ジョージ
佐々木,コウ
小林,徹
山田,一徳
平田,丈史
藤井,将也
三村,雅彦
西島,あい
原,獅童
深沢,真吾
田村,淳子
豊島,勝久
平山,那奈
山岸,隆
草野,照生
藤,恭子
金田,秀隆
島田,涼
長谷,豊
山上,由宇
島,ヒロ
益岡,隆太
木村,さゆり
若山,郁恵
和田,麻由子
日下,努
北,翔
本上,美佐
宮城,恵望子
多部,良介
貫地谷,美優
末永,彩華
川原,光洋
古川,美佳
北川,育二
小原,良介
荒井,恵梨香
城戸,朝香
吉田,広之
秋本,耕司
梶原,直人
松沢,隆之介
岸田,哲平
小出,璃奈子
村上,進
岩永,一哉
秋元,照生
関,優
熊谷,勝久
福田,杏
戸田,真奈美
染谷,さとみ
小坂,美里
片瀬,丈史
北川,沙知絵
海野,まさし
石田,小百合
芳賀,亮
大友,路子
松沢,人志
山口,一樹
大浦,恵梨香
おかやま,悟志
岩城,涼
小田島,しほり
伊藤,光
小栗,芽以
沢井,友香
橋口,貴美子
柴田,千佳子
杉村,未來
高見,ヒロ
児島,明
広田,雅功
川原,明宏
浜野,窈
勝又,朝香
新田,里奈
亀田,一徳
柴崎,丈史
日下部,みあ
大畑,瞳
内村,慢太郎
谷川,遥
神保,京子
本多,結子
今,達士
横山,一徳
阿部,菜摘
本村,ひとり
塚本,なつみ
日下部,夏空
楠,美希
森口,結子
福沢,璃子
内村,ひとり
松浦,丈史
邑野,敦
熊谷,早織
小倉,禄郎
小松,メイサ
小日向,さやか
日下部,莉央
青柳,勇
松澤,克実
佐川,花
柳沢,太朗
岩淵,美佐子
戸田,恵梨香
竹田,明
門脇,恵梨香
菅井,愛
関根,輝信
手島,照生
清水,由宇
川端,沙耶
玉置,彩華
北条,ひろみ
青木,陽介
古川,エリカ
中野,晃司
中田,礼子
宮地,ひかり
一木,竜也
田沢,なつみ
三谷,光洋
小口,敏和
成海,一
井村,雄太
ほしの,朝香
高崎,勝久
島本,美帆
若山,みゆき
柳,和香
境,光洋
三浦,徹
武藤,友也
富岡,幸子
上野,仁晶
古谷,徹
沖田,仁
多田,美佐
白石,希
小杉,和香
豊島,しほり
浅利,メイサ
川野,碧海
秋山,妃里
三船,美咲
谷,麻由子
内村,拓郎
武藤,和之
高梨,美希
石倉,一哉
乾,徹
藤井,徹
大坪,悟志
田端,竜次
土谷,美佐子
哀川,美幸
森谷,明宏
加納,徹
石原,明
劇団,隆
高岡,菜々美
樋口,愛梨
柳沢,雅之
玉山,まなみ
津川,亜希
加納,ひかり
平,惇
臼井,樹里
城田,浩太郎
宮坂,研二
瀬尾,由樹
山下,芽以
江原,杏
橋爪,未來
大河内,晃司
小柳,博明
亀山,浩太郎
上杉,莉央
柴山,さとみ
宮地,薫
大橋,三郎
新田,慢太郎
浜田,美和子
江原,一輝
石沢,敏也
豊原,陽子
菊田,博明
星,聖陽
内野,徹平
大原,優
石坂,朝陽
玉山,三郎
村松,祐一
吹越,礼子
永野,薫
富沢,恵梨香
黒川,健
小谷,恵美
金沢,勇介
山西,幸平
千葉,璃子
椎名,勤
平賀,知世
佐々木,未華子
荻原,康文
小市,あさみ
高瀬,恵梨香
徳重,さんま
宍戸,咲
平野,璃奈子
浦野,景子
豊田,ちえみ
藤澤,さやか
本田,陽介
植木,聖陽
五大,遥
成田,幸平
藤岡,崇史
上原,沙耶
古田,涼
畑中,砂羽
大槻,高史
小宮,妃里
児島,弘也
中園,コウ
玉置,なぎさ
真田,貴嶺
柴田,友以乃
岩間,優
川野,礼子
高橋,美月
遠藤,由樹
石崎,さやか
真鍋,大樹
大坂,勝久
松本,扶樹
氏家,悟志
青木,なつみ
沢田,かおり
落合,光博
中島,さんま
坪井,憲一
西沢,大
安,建
今泉,隼士
若山,春樹
羽田,はるみ
高岡,染五郎
庄司,美佳
岩永,麗奈
明石,彩
今,満
中本,翔
小坂,夏空
脇田,米蔵
松崎,綾
池谷,雄太
笠原,さゆり
奥,翔子
岡村,寛
安座間,勝久
沢,恵梨香
大和田,栄一
平野,由宇
松永,龍吉
相原,美智子
城咲,礼子
小宮,丈雄
森田,薫
坂下,俊介
細川,染五郎
土井,光
南部,そら
辻,瞬
秋田,智花
風間,康文
山本,昌代
高尾,信吾
安部,隼士
戸塚,礼子
尾崎,明
前田,コウ
一木,友也
阪本,俊二
江崎,恵梨香
藤,美紀
浜口,三省
森山,光
竹中,雅之
相馬,しぼり
西原,結衣
相原,まなみ
深谷,きみまろ
富山,宏行
玉田,惇
福本,怜奈
小平,信吾
上原,一代
峰,瞬
石垣,遥
矢作,満
藤島,優
森山,未來
大原,宏
浅沼,努
井本,俊二
秋田,仁
柳川,誠一
荻原,薫
古沢,直人
桑田,克実
北条,丈雄
鹿島,哲平
北沢,春樹
岸本,俊二
藤山,礼子
細田,涼子
吉川,禄郎
馬場,丈史
三村,麻緒
大倉,涼
小島,まみ
福地,由宇
依田,ケンイチ
布川,敏和
津田,勇
尾上,明日
皆川,一輝
佐川,隆太
浦野,美嘉
成田,法嗣
奥寺,寛治
大泉,愛菜
坂野,エリカ
武藤,美佳
遠藤,ヒロ
森谷,エリカ
南部,仁
関口,ちえみ
長谷川,優
沢尻,景子
芦屋,美幸
三浦,弘也
今,瑠璃亜
荒川,友香
戎,千佳子
大野,法子
佐竹,由宇
寺島,満
宮里,丈雄
大石,真奈美
宮地,敏也
工藤,まひる
小泉,美菜
柳,恵梨香
金井,弘也
大木,遥
稲垣,優
瀬戸内,俊二
吉村,小雁
宇佐美,法子
橋爪,太朗
坂元,玲那
塩田,幸平
菅,啓介
伊東,理紗
松本,礼子
永島,朝陽
熊倉,研二
湯浅,秀樹
大畑,知世
板垣,弘也
笠井,郁恵
保坂,蒼甫
中本,亮
浅田,花
少路,景子
石黒,雅彦
畠山,獅童
国分,さゆり
湯浅,千佳子
杉田,美幸
松沢,高史
金城,隆太
大泉,妃里
柳家,たまき
玉木,真吾
芦田,麻由子
畑中,ひとみ
中西,晋也
加藤,幸子
三原,はるか
工藤,綾
長沢,宏
正木,愛
中村,基祐
小森,勇太
長谷部,遥
長谷川,エリカ
池内,みあ
北沢,佑
中林,仁
二宮,希
日下,菊生
柄本,愛菜
本間,杏
美輪,基祐
菊地,メイサ
田島,美紀
海野,真吾
越智,人志
野呂,ノブヒコ
紺野,三省
石渡,詩織
森山,祐基
佐竹,優
坂本,徹
杉下,ひかり
川西,瞳
玉置,美佐
高畑,京子
上野,誠一
山中,理紗
熊倉,智花
吉井,さとみ
黒沢,遥
結城,景子
浅野,佳乃
石田,寿明
上原,春樹
筒井,ケンイチ
中村,満
市川,聡
森山,結子
木原,祐基
塩沢,景子
竹内,南朋
本上,美里
秋山,基祐
宮崎,夏希
北川,秀隆
橘,淳
大畑,真一
畑中,麻緒
亀井,早織
川西,みあ
奥,明
和泉,菜摘
井田,聖陽
片平,景子
村山,栄一
西岡,右京
大木,美佐子
志村,美智子
長友,寿々花
浅井,勇太
中園,恵子
菅,瑠璃亜
小杉,明
宇多田,なつみ
金児,遥
菊池,はじめ
甲斐,智花
吉岡,光
上野,惇
岡田,愛梨
上田,綾女
熊倉,法嗣
小坂,三郎
増田,明宏
神野,結衣
浜,由宇
河野,礼子
橋爪,花緑
高木,美紀
庄司,礼子
川原,亮
長谷,莉沙
吉岡,朝香
浜口,まさみ
丸山,なぎさ
米沢,人志
奥村,知世
重田,杏
藤井,新太
石黒,ひかり
中島,ひかり
安藤,聖陽
戸田,草太
桜井,あさみ
綾小路,京子
福岡,路子
中川,光臣
新田,敦
小杉,良介
斎藤,美希
小久保,獅童
溝口,六郎
岡部,碧海
高橋,ヒカル
楠本,照生
松谷,郁恵
竹田,有海
井上,茜
加藤,りえ
高橋,和香
杉山,浩太郎
平田,智花
北野,鉄洋
北山,恵子
斉藤,亮
早川,光良
黒沢,勝久
溝口,法嗣
美輪,由宇
松井,菜摘
木本,サダヲ
熊倉,薫
庄司,寿明
和泉,亮
池田,秀隆
高梨,耕司
米田,明慶
倉持,三郎
藤木,薫
保坂,しぼり
今,宏行
向井,きみまろ
福山,直人
おかやま,鉄二
小沼,小百合
井手,なつみ
赤松,コウ
岸本,綾女
滝川,直人
北川,将也
小池,佳乃
村井,由美子
庄司,咲
岩佐,千夏
有田,雅之
根本,友也
奥村,妃里
益田,光
寺井,竜次
山崎,早紀
今村,哲平
白木,広之
青山,豊
荒川,和香
庄司,七世
西村,なぎさ
植村,千佳子
富岡,圭
森本,育子
柳,一
小峰,早織
上野,光
高岡,雅彦
西原,洋介
渡部,誠治
滝口,遥
志村,瑠璃亜
野沢,友香
竹内,啓介
結城,瑠璃亜
山上,あい
手島,隼士
水島,まひる
柳川,隼士
高樹,そら
田辺,美優
梅沢,育子
森脇,三省
柴山,たかお
甲斐,敦
多田,翔子
山口,沙知絵
戸塚,洋介
芦田,由宇
久野,ヒロ
吉本,扶樹
大石,恵美
宇田川,愛
湊,あき
矢沢,美和子
今,莉緒
土谷,涼
宮島,耕司
大西,夏希
佐竹,康文
平川,信吾
上田,礼子
林田,景子
内藤,将也
酒井,晴臣
井本,努
沢田,麻由子
海野,耕司
福士,裕司
岡山,涼
葛西,彩
篠原,景子
関,麻由子
吉岡,そら
板橋,聖陽
美輪,怜奈
平川,かおり
相田,礼子
綾小路,瞳
宮地,窈
妻夫木,涼子
浜口,めぐみ
田村,ひかり
萩原,朝香
玉置,璃奈子
森田,功補
清田,薫
稲田,薫
山西,勇介
本田,和之
浅野,みき
寺島,千夏
奥寺,杏
山元,浩介
鳥居,明慶
池内,みゆき
石本,結子
内山,大
浜崎,菊生
志田,しぼり
岩田,敏也
長田,博明
哀川,雅功
梅村,瞳
福士,未來
福士,直人
山根,禄郎
中根,奈央
筧,獅童
志村,和之
草野,誠一
大谷,徹
三田,隆之介
小笠原,知世
堀井,優
水島,洋介
小野田,だん吉
武藤,啓介
児島,礼子
秋本,了
井田,瑠璃亜
内海,隼士
沢尻,宏
角,光臣
原田,隆之介
伊崎,倫子
吉川,六郎
市川,寿明
丹野,樹里
岡村,将也
阿部,莉緒
沼田,由宇
豊原,涼
田畑,倫子
亀田,花
高尾,寿々花
多部,窈
澤田,かおり
板倉,陽子
渡辺,精児
内藤,功補
新垣,陽介
奥野,淳
ともさか,さやか
池田,六郎
大熊,和香
中園,法嗣
青山,仁
伊集院,由宇
宮地,兼
城咲,さやか
古川,一徳
橋口,努
遠藤,光
守屋,涼子
小川,ひろ子
重松,茂樹
村岡,光博
長谷川,麗奈
高樹,蒼甫
脇田,千夏
岩城,夏空
羽田,一哉
黒川,憲史
細田,芽以
海老原,陽介
熊沢,明
浅見,ケンイチ
湯浅,真悠子
平井,裕司
柏原,弘也
勝又,光
相原,きみまろ
重田,優
石橋,和之
柳,裕次郎
村上,まさみ
岡本,一恵
佐々木,大樹
磯部,はじめ
上杉,鉄洋
小松,未華子
片瀬,あおい
入江,瞬
岸部,杏
有田,だん吉
浦田,徹
小市,浩介
藤崎,幸平
柴田,高史
北田,まひる
大橋,一
大沢,莉緒
大林,沙知絵
樋口,光博
徳田,育二
浅利,聡
米倉,綾
藤島,勇一
照井,勇一
川野,隆之介
加藤,まみ
峰,博之
上村,奈月
神木,幸子
荒木,隆
横田,翔太
伊崎,麗奈
重松,明宏
横山,竜也
水崎,花
塩谷,鉄二
有田,慢太郎
鈴木,惇
前野,砂羽
小松,昌代
望月,信吾
川添,昴
小久保,拓郎
田所,知世
西原,沙耶
今村,希
村木,薫
渡辺,優
大山,あや子
玉井,京子
永島,南朋
河内,莉央
沢尻,麻緒
加納,茂樹
浜田,亮
平林,聡
八田,米蔵
島崎,徹平
横尾,美和子
秋葉,きみまろ
大田,祐基
宮内,愛
根岸,仁晶
熊田,米蔵
綾瀬,憲史
大山,杏
秋本,美佐
明石,佳乃
三輪,綾
岩田,賢治
野沢,美帆
結城,理紗
中井,育子
黒沢,聖陽
平林,雅彦
安達,了
杉田,洋
松元,理紗
志賀,淳
鳥居,扶樹
水田,紗季
菅沼,那奈
福沢,勇介
馬場,まみ
豊田,瞬
佐古,えみ
木原,拓郎
土屋,育子
工藤,麻由子
津田,哲平
菅澤,瞳
五十嵐,守
岩佐,恵子
豊田,ヒロ
鶴岡,佑
長友,草太
尾崎,将也
富山,惇
松永,ノブヒコ
松谷,明
志水,染五郎
山上,広之
中西,美紀
木田,小百合
宮崎,三郎
三橋,俊二
柳,雅彦
久保田,智花
市原,景子
小泉,真奈美
岩本,草太
志水,淳子
早美,美佐子
石黒,エリカ
金子,美佳
奥村,充則
長井,めぐみ
長崎,詩織
小川,ひとり
細川,はるか
中西,はるみ
島袋,亜希
倉田,貴嶺
川村,隆
浅見,あや子
有賀,エリカ
茂木,佳乃
小平,彩華
大場,恵梨香
木下,ひかり
高尾,有海
海老原,聖陽
藤澤,賢二
小出,ヒロ
小町,裕司
藤木,さやか
並木,光洋
上杉,優
篠崎,だん吉
田淵,真悠子
児玉,茂樹
吉川,大
小野田,まひる
樋口,亮
竹中,知世
角田,充則
狩野,千佳子
倉本,満
佐古,勝久
手島,浩介
山岡,敏和
山西,紗季
武藤,恵美
須藤,怜奈
高倉,南朋
西山,あや子
黒谷,由宇
島田,七世
平林,寛治
藤野,建
篠崎,真悠子
小原,瑠璃亜
竹内,麗奈
寺岡,浩太郎
奥田,明宏
原田,明日
白木,法子
高木,奈々
斉藤,美佐子
大塚,一樹
大滝,桃子
片平,あさみ
藤井,正義
藤山,路子
対馬,恵子
北,結衣
川瀬,祐基
寺島,美帆
柴田,ノブヒコ
下川,愛梨
山元,小雁
堀川,美菜
中山,きみまろ
芦屋,美菜
高村,哲平
中島,将也
川辺,小百合
寺西,莉沙
中園,真奈美
古川,正敏
玉置,功補
浅野,晃司
安井,恵梨香
松山,希
首藤,慢太郎
竹内,右京
水田,勝久
大沼,文世
角谷,光臣
重松,薫
浜田,たまき
小栗,えみ
梅津,人志
甲斐,友以乃
島,法嗣
長谷,扶樹
大河内,涼
神野,信輔
阿久津,真帆
大場,ひとり
植木,遥
古谷,恵美
田上,ノブヒコ
古川,恵子
長谷川,一樹
一木,充則
水崎,淳
横田,窈
山崎,賢二
牧瀬,正敏
寺脇,ヒロ
永井,貴嶺
小堀,俊介
小柳,くるみ
根岸,ヒロ
増田,明慶
門脇,晋也
森田,恭子
林田,芳正
磯部,美佐子
柄本,真悠子
依田,一恵
吉崎,誠治
今野,はじめ
長野,美佐
岸,瞳
滝口,隆之介
植木,昴
吉井,さんま
志村,美月
佐藤,兼
門田,真吾
森,瞬
森島,優
小坂,美咲
中,瞳
深谷,美咲
板垣,朝香
氏家,杏
石垣,しぼり
照井,直人
江口,光洋
阪本,博之
久野,はじめ
風間,真悠子
大沼,浩正
宮沢,かおり
白木,丈史
日野,利夫
加藤,健
沢田,彩
河村,禄郎
窪田,洋介
平沢,陽子
金田,麻由子
三橋,まさし
細山,有起哉
前島,マサカズ
星,茂樹
浅見,右京
長岡,広司
吉川,紗季
野村,慢太郎
鶴岡,陽子
山田,明
小田,ケンイチ
吉田,優一
松元,綾女
益田,めぐみ
藤井,広之
瀬戸,明日
河原,博明
福田,徹
玉木,悟志
小寺,理紗
奥山,美佳
土橋,亜希
有村,はるか
船橋,ひろみ
菅谷,寛
小沢,瞬
六角,慶二
矢野,亜希
山崎,未來
坂東,輝信
岡,徹
小林,由宇
福永,朝陽
田中,浩介
松島,美幸
福本,麻緒
竹田,賢二
梅本,真悠子
会田,美佐
根岸,美幸
田島,弘也
塚本,育二
根岸,菜々美
宮里,紗季
貫地谷,ひとり
片桐,大
岩佐,宏
工藤,信吾
藤山,りえ
富田,ひとり
落合,璃奈子
川端,憲史
西田,知世
美輪,明宏
吉永,秀隆
鹿島,敦
杉本,季衣
大川,寛治
岸,草太
三島,れいな
塩谷,知世
玉田,景子
川崎,ひとり
染谷,優
島津,充則
坂田,未來
宇野,勇太
黒木,マサカズ
鹿賀,憲一
増田,春樹
前川,涼
小菅,明宏
安倍,雅彦
清野,路子
福永,育子
綾瀬,誠一
一青,菜々美
山中,崇史
北原,利夫
竹本,寛治
村山,幸平
入江,徹
佐野,さやか
水谷,圭
細谷,光博
大沼,一代
西井,真希
曽我,華子
宮田,裕次郎
井上,ジョージ
福山,圭
赤松,三省
岩佐,くるみ
高畑,慎之介
瀬戸,和香
市原,綾女
石丸,大
水田,窈
吉永,そら
井出,恵梨香
安田,あい
羽田,亜希
鶴田,エリカ
瀬川,あや子
西口,亜希
丸山,功補
笠井,ケンイチ
榊原,南朋
大島,怜奈
内山,真奈美
大森,里穂
宇野,豊
小笠原,ジローラモ
島田,勇介
小林,薫
永田,建
北,砂羽
早川,由宇
中村,洋介
花田,隆太
徳永,豊
末永,彩華
小沼,利夫
豊原,ヒカル
金谷,敏和
秋元,孝太郎
目黒,薫
増井,育二
深田,誠治
蛍原,寿々花
栗原,亮
富永,莉沙
川越,まさみ
田村,俊介
村松,マサカズ
沢,璃奈子
大木,愛子
関根,晋也
宮沢,涼
大下,知世
宮里,精児
藤井,えみ
宮地,浩太郎
小野田,翔太
麻生,璃奈子
水谷,育子
佐川,ヒロ
小畑,新太
西村,奈々
川端,良介
石原,茂樹
長浜,丈雄
菅野,一
吉田,沙耶
柳田,光博
小出,茜
大久保,仁
堀井,栄一
北田,真一
坂野,徹
田村,あや子
平岡,菊生
矢島,誠一
平,光
倉持,だん吉
遠山,あい
ユースケ,ひとり
花田,法子
岩城,直人
三浦,染五郎
今田,かおり
水崎,結衣
内山,七世
小島,茜
大木,慎之介
坂野,美優
沢井,コウ
長崎,翔太
奥,将也
水口,瞬
三田,慶太
小田,恵望子
高嶋,優
松沢,昌代
岸部,美紀
柳,友以乃
島本,さんま
布川,慶太
吉田,進
布川,誠治
藤川,まなみ
奈良,貴美子
市原,正義
藤川,隆太
平良,雅彦
大路,はるか
五十嵐,哲平
横井,由宇
古田,芳正
柄本,寛
牧野,花緑
田原,文世
中沢,功補
土橋,恵梨香
川中,敏也
曽根,徹平
藤木,広之
大畑,達士
根本,進
高畑,隆太
田沢,真希
和泉,あさみ
平井,陽子
大竹,光臣
窪塚,秀隆
沼田,哲平
徳田,由宇
奥村,隆博
内田,まさみ
吉田,コウ
海老原,優
平野,一樹
安藤,慢太郎
神山,彩
藤原,未來
緒方,薫
岩井,翔太
大下,光
今,正敏
新井,メイサ
片山,亜希
稲田,優
和田,真奈美
浅見,瑠璃亜
三船,妃里
松原,優
辻本,剛基
浜野,めぐみ
皆川,貴嶺
酒井,圭
西井,恵子
坂下,広司
増井,隼士
小久保,未來
松野,努
熊沢,鉄二
宍戸,美咲
松居,基祐
岩瀬,彩
古川,桃子
百瀬,結子
宮坂,将也
平良,玲那
美輪,彩華
釈,薫
国分,景子
武藤,勝久
多部,将也
城咲,法子
川越,一樹
横山,愛子
奥,みあ
小松,雅功
池畑,勇介
根本,美幸
大谷,三省
八十田,勝久
榎本,扶樹
中野,寿々花
笠原,育二
原口,陽介
奥田,法子
越智,高史
原,樹里
近藤,明
鬼頭,景子
内山,俊二
横田,夏空
永瀬,洋介
伊集院,憲一
香川,碧海
山中,はるみ
野中,結衣
三輪,哲平
田所,あさみ
山瀬,康文
田辺,和香
後藤,恭子
古谷,璃奈子
山根,夏希
一青,マサカズ
鹿島,扶樹
三村,光
森山,朝陽
菅野,達士
平田,雅之
松川,恵美
篠田,佑
山内,竜次
石本,憲史
深沢,大樹
柳家,希
今泉,サンタマリア
神野,美嘉
岡本,獅童
根岸,はるか
中原,真一
土井,賢二
宮崎,さゆり
本村,祐基
本多,寛
須藤,真悠子
遠山,ケンイチ
鈴木,優
小林,恵梨香
安倍,涼
松山,亜希
菅沼,ひろ子
武藤,利夫
小柳,愛梨
福永,俊二
伊集院,雅之
美輪,はじめ
後藤,倫子
入江,美菜
関谷,りえ
筧,聖陽
篠山,麻緒
荒川,陽子
奥野,耕司
千葉,信輔
生瀬,一恵
関,進
宮田,勝久
大庭,充則
岡村,麻由子
北村,信輔
溝口,杏
水谷,沙耶
柳沢,恵子
遠山,なつみ
若林,友也
三好,薫
進藤,ひろ子
寺本,優
菊地,璃奈子
高橋,扶樹
久保,晋也
三村,翔
丹羽,光
牧田,由樹
桑田,遥
川畑,莉央
平野,守
久保田,由宇
浅野,寿々花
三井,美里
小泉,恵望子
沢村,宏行
益田,徹
青山,彩華
平林,明
合田,雅之
高橋,徹
石倉,里穂
松田,夏空
田口,彩華
金森,麗奈
小西,ひろみ
香椎,涼
庄司,奈央
森下,洋介
西島,一哉
鶴田,彩
守屋,竜也
内田,光博
河野,莉沙
須藤,栄一
小久保,遥
山形,結衣
小泉,勇
山下,夏空
末永,慎之介
津田,貴美子
大高,一代
玉木,小雁
正木,隼士
清田,あき
藤澤,翔
谷川,基祐
川辺,彩華
森島,美優
小西,真悠子
曽根,慶太
服部,瞳
新田,仁晶
若林,薫
西村,翔子
渡部,たまき
西原,サダヲ
星野,宏行
畑中,早織
森本,徹平
田上,友也
矢沢,美智子
中尾,信輔
柴山,郁恵
長島,竜次
高柳,まなみ
井上,ひとみ
久保,隼士
本間,建
今村,綾女
田尻,大五郎
奥野,真帆
徳重,恵麻
児島,美和子
矢口,慢太郎
結城,ヒロ
西本,洋
山崎,晃司
志田,悟志
江原,京子
平,慎之介
望月,高史
白石,康文
大江,未來
関,綾女
平,勤
長澤,美希
北山,美佐子
矢島,兼
鈴木,紗季
浅見,遥
境,圭
西口,誠一
小森,早織
藤木,宏
小野田,詩織
上村,あい
五味,光臣
野崎,新太
大滝,高史
宮内,菊生
安部,丈史
山上,まみ
西原,豊
根本,ヒロ
須田,浩介
土井,恵梨香
市村,崇史
石原,竜也
松本,洋介
越智,サダヲ
根本,翔子
上野,丈史
玉山,さやか
浅野,研二
宮本,由樹
瀬尾,真奈美
福原,菊生
寺岡,一徳
岩淵,玲那
ト字,花緑
中園,莉緒
角,メイサ
飯島,明
小谷,丈史
奥野,正敏
若山,芽以
福原,めぐみ
松井,鉄洋
長谷部,ひろ子
細井,めぐみ
相田,璃奈子
笹原,恵梨香
市原,慶二
立石,さとみ
大泉,菜摘
伊藤,綾
三田,法嗣
五十嵐,秀樹
三浦,守
米沢,勇介
宍戸,友也
今,未來
有田,美紀
車,景子
熊谷,栄一
七瀬,美嘉
梅沢,莉緒
杉下,美和子
千田,了
宇佐美,愛子
大和,誠治
関,恵麻
内野,里奈
高瀬,龍吉
哀川,和之
尾崎,遥
松原,耕司
小倉,菜摘
清田,なつみ
六角,守
上田,慎之介
高村,昴
矢野,みあ
岡島,美帆
鶴田,哲平
臼井,瞳
南部,真悠子
二宮,染五郎
宮川,美佐子
石渡,美帆
星,たかお
岩本,結衣
野沢,精児
竹中,秀樹
上山,美月
荒川,光博
志田,貴美子
阿部,太朗
塚田,菊生
劇団,優
小野,幸子
田代,菜々美
芦田,明
長田,昴
藤山,瞬
勝地,遥
大路,翔
寺脇,コウ
近藤,瑠璃亜
山中,雄太
大庭,結子
大城,さやか
村中,杏
堀田,綾
安田,貴美子
佐野,彩華
秋本,恵麻
岡島,しぼり
小池,くるみ
伊集院,樹里
梅本,右京
林,さとみ
岡山,麻緒
島,くるみ
中,一徳
狩野,慎之介
成田,菜摘
西井,ケンイチ
津田,七世
小山,めぐみ
浦田,千佳子
松原,豊
大山,丈史
立石,公顕
坂野,徹平
半田,宏行
黒岩,一哉
佐伯,美希
井上,かおり
平松,愛子
片桐,大樹
阪本,奈々
児島,将也
児玉,鉄洋
上村,京子
瀬川,恭子
秋元,愛梨
太田,くるみ
藤野,昌代
服部,聡
美輪,隆博
河西,瞬
相馬,翔子
坂元,明宏
川上,俊介
小倉,涼
一青,徹
小久保,美嘉
金井,将也
手塚,雅彦
真田,浩正
宮迫,長利
藤木,美佳
竹田,優
パンツェッタ,ひかり
河村,さやか
小笠原,雅彦
丹野,敏也
松下,瞬
六角,窈
栗林,晃司
金森,美菜
細谷,宏行
滝田,優
中根,耕司
浅利,敦
柳,敦
黒田,美佐子
秋田,愛子
尾上,佳乃
小笠原,くるみ
香川,三省
野口,ジローラモ
荻原,樹里
磯村,咲
小坂,しほり
横山,恵梨香
藤井,郁恵
大下,光博
西野,染五郎
福地,ジローラモ
牧瀬,龍吉
秋田,一代
徳永,芳正
久保田,一輝
小幡,崇史
吉田,大
大田,有海
佐々木,美帆
小川,里穂
織田,寿々花
相馬,優
向井,広之
飛田,右京
西原,惇
向井,理紗
大久保,裕次郎
中村,宏行
武藤,薫
伊藤,美幸
長谷川,まひる
小幡,宏行
三木,たかお
橋口,奈々
伊藤,正敏
水嶋,きみまろ
神原,亮
篠原,孝太郎
井田,真悠子
内田,だん吉
相川,美佳
井上,徹
羽田,秀樹
寺島,美紀
石崎,剛基
松井,涼子
武藤,米蔵
久米,礼子
尾崎,杏
奥寺,憲史
宮本,守
井村,賢治
内村,寛治
目黒,明
米谷,健
松本,あい
上野,まさし
下川,晴臣
阿井,杏
植村,寿明
上野,礼子
西島,将也
河村,そら
ともさか,光洋
比嘉,えみ
相川,新太
井手,あさみ
安斎,賢治
勝田,禄郎
樋口,コウ
浅野,惇
百瀬,菊生
布施,了
小幡,勇太
池内,美佐
黄川田,翔
今,高史
海老原,亮
黒田,雅之
上田,愛子
小町,将也
菅,光博
浦野,秀樹
佐竹,千夏
曽根,さとみ
春日,真希
大河内,ヒロ
松野,昌代
内野,あや子
笹川,優
神戸,直人
藤井,めぐみ
柄本,雅功
内野,砂羽
高瀬,あさみ
会田,慶二
重松,信吾
北島,一代
小野,みゆき
戸田,法嗣
大高,法子
喜多,太朗
浜田,恵梨香
徳田,佳乃
杉野,雅之
浜,広之
高松,未華子
七瀬,京子
立花,長利
南,まひる
阿部,雄太
窪田,結衣
尾崎,大樹
徳田,亮
吉川,千夏
玉城,淳子
杉下,しぼり
鶴田,窈
大畑,あさみ
染谷,慶太
青山,有起哉
芹沢,隼士
安井,妃里
小室,里奈
星,翔太
福士,良介
寺岡,鉄洋
池内,敏和
正木,倫子
小日向,はるみ
松山,裕司
川合,有海
蛍原,恵麻
北田,光
片桐,路子
高樹,将也
上村,博明
栗田,杏
小杉,くるみ
田崎,浩正
菊池,隼士
木原,ひろ子
岸部,菜摘
松尾,豊
菅野,亮
白木,はるか
小玉,浩介
諏訪,啓介
日下,愛梨
松本,結衣
大河内,美紀
宮内,寿々花
目黒,啓介
斉藤,勝久
成瀬,拓郎
高松,三省
大竹,徹
酒井,まさし
佐藤,竜也
松沢,栄一
北,早織
中村,光博
井手,翔太
花田,耕司
菅井,ひとみ
牧田,はじめ
加藤,博之
岡村,美和子
武内,扶樹
梅津,玲那
森井,雅功
勝地,彩
福原,涼子
小寺,璃奈子
竹村,浩正
坂下,愛
平良,そら
木戸,哲平
浅田,りえ
関谷,惇
戸田,ジョージ
森本,太朗
落合,芽以
青木,彩
白石,信輔
赤坂,薫
工藤,瞳
田所,仁晶
志村,広之
大西,瑠璃亜
浜口,佑
江川,智花
石垣,さんま
篠田,玲那
秋本,努
島村,寛治
下田,豊
福永,浩介
西,花緑
杉本,涼子
岩田,一輝
三原,康文
志田,朝陽
若山,奈々
波多野,竜也
五大,陽子
尾上,雅彦
西川,菜摘
三谷,小雁
向井,充則
佐藤,涼子
中島,幸平
安斎,扶樹
本村,雅彦
沖田,千佳子
門脇,まさし
染谷,将也
合田,まなみ
奥山,聡
山根,美月
森山,麻緒
熊倉,サンタマリア
角,徹
香椎,未華子
村田,健
村田,瑠璃亜
寺島,めぐみ
萩原,知世
松田,知史
斎藤,精児
加藤,幸子
伊藤,陽子
三木,知世
小口,南朋
三沢,扶樹
邑野,えみ
邑野,憲史
寺脇,マサカズ
大石,遥
久保田,窈
内海,そら
松居,惇
藤沢,孝太郎
徳重,光臣
梶原,はるみ
諏訪,建
竹内,璃子
本山,桃子
片平,あおい
小幡,浩介
松下,たかお
平野,一樹
根岸,聡
江川,丈雄
前島,直人
平尾,里奈
熊井,はるみ
志村,勤
堀川,愛菜
役所,なつみ
沖,美幸
野原,誠治
小菅,郁恵
橘,隆博
木本,メイサ
柴田,秀樹
岸部,優
宇田川,努
畑中,明宏
西川,優
小玉,コウ
松井,守
古川,晋也
川島,はるみ
前田,みゆき
古谷,慶二
塩沢,遥
太田,佳乃
田端,菜摘
植木,芽以
妹尾,晋也
多部,一輝
末吉,樹里
本間,りえ
内野,茂樹
山上,隆之介
佐々木,樹里
大河内,高史
矢口,陽介
二宮,祐一
原口,右京
倉持,人志
大塚,大樹
服部,たまき
内山,薫
大西,真悠子
市川,宏行
土橋,千佳子
田辺,美嘉
滝口,彩華
白木,克実
新田,了
大滝,秀隆
白木,樹里
真鍋,広司
蒼井,ひとみ
佐々木,まなみ
石山,満
坂田,七世
伊集院,和之
杉本,夏空
小野田,明日
諏訪,杏
瀬尾,くるみ
三枝,英嗣
日下,景子
大井,恵梨香
林,彩華
中井,友以乃
一木,フミヤ
永井,路子
増田,朝陽
小堀,倫子
大路,勝久
山下,孝太郎
小栗,大五郎
沢,しほり
山形,砂羽
三谷,直人
宮下,優
堀口,愛菜
安永,三郎
水野,人志
相武,まひる
境,佳乃
水口,一恵
香川,康文
宮野,夏希
高島,賢治
品川,恵子
市村,瞬
今井,慢太郎
氏家,なつみ
川本,メイサ
寺田,兼
狩野,光臣
末永,信吾
中井,愛梨
篠山,友也
坂本,太朗
矢沢,ひとり
松井,ジローラモ
川瀬,秀樹
中,ひろ子
矢沢,公顕
星,裕次郎
吉崎,草太
東,麻緒
土橋,弘也
細井,寿々花
大滝,敏也
赤松,三省
都築,優
長谷川,優一
和田,功補
宮里,きみまろ
滝本,公顕
北村,陽子
田中,裕司
木村,愛
田尻,光洋
五十嵐,浩正
河村,サダヲ
神原,涼
大谷,輝信
中園,早織
明石家,三郎
海老原,隆之介
新井,将也
上山,洋介
太田,茂樹
大田,礼子
井出,基祐
安藤,怜奈
平井,満
大滝,秀隆
白木,樹里
真鍋,広司
蒼井,ひとみ
佐々木,まなみ
石山,満
坂田,七世
伊集院,和之
杉本,夏空
小野田,明日
諏訪,杏
瀬尾,くるみ
三枝,英嗣
日下,景子
大井,恵梨香
林,彩華
中井,友以乃
一木,フミヤ
永井,路子
篠崎,慶二
柳家,一代
倉持,はるみ
下山,浩正
徳重,洋介
香椎,完爾
大庭,幸子
松村,智花
谷川,瞬
宮坂,慢太郎
石川,誠治
笹原,和香
戸塚,恵美
鈴木,ジョージ
横田,一樹
米谷,直人
鬼頭,寿明
森岡,惇
平井,朝陽
飯塚,法嗣
石崎,鉄二
宇多田,美月
釈,恵梨香
下川,耕司
細山,寿明
奥田,まなみ
和泉,しぼり
堀北,兼
若槻,礼子
春日,茂樹
水崎,守
金谷,サンタマリア
寺島,明日
橘,美和子
梶原,真奈美
宮部,夏希
古田,隼士
松崎,晋也
三好,三省
矢部,裕次郎
尾形,礼子
下川,夏空
安永,茜
奈良,くるみ
長澤,里奈
柏原,隼士
大後,直人
池上,慶二
横尾,まさし
中山,敦
小沼,美智子
ともさか,一恵
玉木,サンタマリア
柳川,咲
宮脇,貴美子
山中,かおり
加納,涼子
塚原,結子
高木,詩織
沢田,礼子
徳田,裕司
長友,秀隆
三宅,丈雄
川端,薫
哀川,結衣
沖田,あおい
細田,ひかり
酒井,樹里
坂上,満
村岡,茜
河原,兼
日比野,佑
今田,一樹
加納,惇
三木,礼子
諏訪,麻由子
中尾,豊
川口,里奈
野口,恵梨香
徳永,美和子
浅沼,恵美
曽我,雅彦
杉原,ジローラモ
岩佐,直人
新垣,みあ
横尾,景子
荻原,満
藤澤,信吾
野口,寛治
松川,守
宮本,さとみ
黒沢,恵梨香
井村,雄太
鶴岡,彩
武田,有起哉
緒形,恵梨香
川原,隼士
大島,広司
進藤,勇太
川畑,正義
天野,夏空
村上,朝香
都築,季衣
野上,杏
黒川,美幸
田畑,慶二
金井,隆之介
柳田,恵望子
関,圭
熊沢,莉央
菊池,真吾
高野,勤
沢田,遥
宍戸,貴嶺
香川,憲史
前川,健
瀬戸,美智子
田島,竜也
並木,あおい
大谷,聡
上野,翔子
市川,幸子
長沢,美帆
勝田,まさし
日比野,新太
小久保,玲那
北村,隆太
小泉,裕次郎
西,真希
金子,美佐子
早川,さゆり
鹿島,璃子
福田,雅彦
西原,憲史
三船,幸平
森下,なつみ
戸田,璃奈子
八十田,麗奈
小久保,和久
堀江,涼
山西,紗季
花岡,長利
石倉,隆之介
渡部,有海
安部,結子
芦屋,光
赤松,鉄洋
志村,竜也
瀬戸内,雅功
福士,莉央
西沢,草太
北沢,竜也
ともさか,浩太郎
井上,妃里
渡辺,文世
角田,有起哉
河原,将也
富樫,美里
島崎,春樹
米谷,雅彦
本間,敦
森田,秀隆
野口,美佐子
細田,未華子
山岡,雅功
入江,美佐子
佐古,三郎
勝又,亮介
黒木,美佐
秋山,サダヲ
田口,慶二
大木,樹里
池谷,佳乃
安田,まさし
野中,恵望子
島津,未華子
畠山,和香
神木,秀樹
照井,由美子
内田,一恵
長岡,春樹
中野,まさし
柴田,華子
大槻,優一
片岡,米蔵
さだ,南朋
岸,貴嶺
牧田,涼
今村,寿々花
志村,咲
天野,一
水谷,信吾
川添,薫
市原,淳子
鹿賀,隆
川井,莉央
橘,涼
山岸,遥
日野,美佳
福岡,美嘉
菅,慢太郎
小日向,翔子
菅野,裕次郎
毛利,遥
池畑,みあ
戸塚,真帆
小田,詩織
蛍原,建
三谷,結衣
横井,えみ
塚本,兼
大野,恭子
岩佐,勝久
神崎,千夏
黒田,涼子
白石,貴嶺
水口,杏
井手,詩織
柳,淳
米田,ひろ子
大倉,れいな
岡本,崇史
川原,あさみ
小川,明
柳沢,勤
斉藤,和之
毛利,奈々
吉本,雅彦
小野田,公顕
栗山,聖陽
矢沢,朝陽
小沼,寿明
岩淵,菜々美
守屋,明
波多野,法子
大地,薫
塚田,信輔
大石,あさみ
神谷,哲平
青柳,めぐみ
長友,さゆり
岩下,竜也
竹中,恵梨香
大西,昌代
牧田,光
小堀,遥
熊井,しほり
小林,恵梨香
甲斐,満
西原,ひとり
栗林,季衣
尾崎,はるみ
堀江,莉沙
橘,麗奈
泉,倫子
美輪,晋也
朝倉,京子
鈴木,芽以
水野,有海
熊谷,恵梨香
滝口,さやか
浦田,竜也
伊藤,淳
川崎,雅彦
石坂,恵梨香
パンツェッタ,恵子
山内,晋也
長田,夏希
中田,エリカ
亀田,明
大泉,佑
北田,はるか
矢野,遥
平塚,鉄二
阿井,さとみ
有村,耕司
坂田,美菜
戸田,研二
原,景子
斉藤,佳乃
ユースケ,路子
安永,そら
平野,達士
菅谷,宏
川野,季衣
梅村,綾
綾小路,茂樹
及川,窈
仲村,草太
松田,竜也
田畑,昴
福士,獅童
古田,了
牧,南朋
宮迫,ケンイチ
飯島,早織
神原,瞬
竹田,美里
横川,亮介
百瀬,雅之
渡辺,ちえみ
狩野,一
佐古,和之
役所,ノブヒコ
岩田,くるみ
浅田,晋也
長友,瞬
上条,恵子
筒井,ひかり
滝田,友香
有馬,翔子
井出,莉沙
平,宏
石渡,剛基
五十嵐,敦
浅沼,詩織
武田,美里
はしの,勤
玉山,竜也
松本,浩太郎
吹越,公顕
劇団,美紀
上田,由宇
湊,真吾
須田,明
星,翔
松山,ちえみ
内村,博明
河田,璃奈子
伊藤,菊生
平野,知世
藤原,璃奈子
山城,照生
小菅,兼
大川,美佐子
橋爪,きみまろ
近藤,恵梨香
本間,秀隆
大河内,愛梨
岩城,完爾
川瀬,さとみ
井沢,恵梨香
谷村,愛菜
岡田,恵子
野呂,綾
小林,由宇
桜井,敦
ト字,和香
竹下,雅彦
中,仁
大島,さんま
柴山,有起哉
臼井,砂羽
梅田,達士
黒木,陽子
寺島,博明
金井,朝陽
赤羽,徹
前野,充則
中林,由宇
とよた,育二
竹原,高史
石垣,明宏
高橋,麻緒
星野,里奈
大橋,幸平
米沢,大
児島,フミヤ
北原,隆
森脇,紗季
石丸,優一
鎌田,知世
伊沢,悟志
磯部,完爾
板倉,雅之
畠山,ひろ子
志水,隆博
尾上,景子
大橋,さとみ
山中,かおり
村上,晃司
白石,慶二
千葉,雅之
森下,一樹
伴,ジョージ
木戸,俊二
久保田,真奈美
鹿手袋,晋也
浅井,俊二
富山,雅之
倉本,かおり
大河内,蒼甫
牧野,あき
林田,亜希
紺野,竜也
西川,知世
田村,満
遠山,夏希
井沢,文世
川瀬,恵子
神田,優
磯村,沙耶
小島,奈々
新垣,碧海
福原,将也
中根,さとみ
竹田,千夏
成海,美希
内海,賢治
片山,鉄洋
本村,花
川井,ひろみ
大友,瞳
古沢,翔太
小泉,徹
渡辺,右京
毛利,恵子
及川,秀樹
小畑,祐基
多岐川,詩織
河本,紗季
浅利,真悠子
野沢,樹里
江藤,あさみ
小畑,愛子
田崎,瞬
三村,理紗
山城,まみ
菅,寛
前田,右京
野崎,彩
児島,ヒロ
三井,育二
南,はじめ
沢井,怜奈
浅野,法嗣
小池,育二
古田,璃奈子
柄本,丈雄
多部,愛子
小堀,長利
小峰,優一
桜井,文世
菅原,季衣
杉本,友香
松本,文世
安藤,英嗣
坂野,ケンイチ
佐藤,一輝
葛山,正敏
豊田,春樹
牧田,瞬
城戸,文世
栗山,杏
藤本,明
松山,夏希
哀川,礼子
織田,れいな
渋谷,一
奥,隼士
磯部,小百合
片平,ヒロ
都築,友也
岸田,えみ
永野,徹
森谷,裕司
長谷,ジローラモ
八木,一樹
岡崎,竜也
古田,翔子
津田,由美子
堀川,遥
上山,結衣
相沢,照生
小町,敦
藤野,早織
中山,信吾
小松,未來
横田,たかお
竹中,朝香
藤沢,直人
石本,花
諏訪,美嘉
竹内,咲
坂下,涼
横川,なつみ
児玉,あい
斉藤,浩太郎
川野,小百合
水島,明宏
佐藤,サンタマリア
小日向,翔
永井,コウ
森岡,寿明
大和田,浩太郎
山川,彩
塩谷,扶樹
小林,明日
河野,優
新垣,薫
中里,華子
田辺,勤
岡島,惇
清水,徹
平山,俊二
伊藤,将也
佐久間,ケンイチ
田崎,智花
北川,賢二
小原,美月
吉川,染五郎
柳,ひろ子
美輪,由樹
亀山,雅彦
奥山,広之
宮部,めぐみ
小畑,豊
矢野,右京
大平,まひる
菅野,みき
尾上,美和子
神木,守
大木,信輔
小倉,さとみ
熊沢,昴
徳永,芳正
上条,麻緒
満島,達士
門田,直人
湯浅,洋介
楠,丈史
田中,勇太
松元,華子
三浦,麻緒
生瀬,なつみ
森井,功補
長谷川,倫子
北田,憲一
北山,和之
長野,友也
津田,花緑
杉本,明宏
宮本,基祐
石本,はるか
武田,博明
小松,美佐
西谷,照生
鳥居,研二
菅谷,博明
安永,徹平
大村,光
山内,明宏
丹羽,芽以
小原,ケンイチ
野際,遥
加藤,愛菜
本多,華子
阪本,栄一
田辺,恵梨香
柳家,恭子
尾崎,徹
小栗,拓郎
倉持,さんま
松村,芽以
宮里,優
小栗,弘也
大竹,公顕
上田,慢太郎
西尾,さやか
三井,法子
今,友香
栗原,進
竹村,輝信
明石,美紀
藤井,美佳
生田,夏希
矢口,寿々花
浜崎,沙知絵
松居,明
水島,なつみ
佐藤,南朋
川畑,かおり
丸田,マサカズ
高柳,京子
岩沢,光
伊藤,メイサ
千田,彩華
小室,美嘉
茂木,夏希
山田,しほり
井上,知世
小田島,エリカ
長谷,隆之介
金井,美里
畑中,光洋
手塚,遥
有賀,翔子
熊沢,知世
大畑,弘也
妻夫木,杏
豊田,宏
入江,真一
沖田,幸平
雨宮,みあ
木田,真奈美
松田,玲那
関谷,明
岡田,真奈美
柴田,瑠璃亜
平尾,進
山中,丈史
進藤,六郎
桜田,たかお
平田,慶二
今井,幸子
佐久間,建
永井,莉沙
平山,米蔵
小堀,一代
岩佐,良介
堀北,美優
大河内,桃子
向井,遥
前田,精児
荻野,ひとり
板倉,光
草村,慶二
増井,雄太
星野,俊二
喜多,基祐
宮迫,はるみ
中島,公顕
小泉,あさみ
塚田,建
長谷部,恵子
坂野,一恵
富沢,秀隆
松島,雅彦
水谷,充則
浅沼,みあ
森井,茂樹
徳永,晋也
黒岩,正敏
上原,ノブヒコ
五味,朝香
豊島,花緑
有田,精児
菅原,フミヤ
吹石,隆博
玉木,ひかり
栗原,あき
森下,優
上杉,杏
小菅,千佳子
滝本,由宇
新村,和久
沢村,路子
芦屋,亜希
増井,砂羽
向井,貴嶺
森島,恵望子
相沢,美幸
小宮,しほり
内海,扶樹
阿部,ヒカル
真鍋,良介
雨宮,きみまろ
岡田,真吾
百瀬,涼子
阿久津,奈月
喜多,遥
勝地,勇
河西,まさし
大井,結衣
大木,友以乃
三沢,遥
佐野,沙耶
大林,丈史
豊原,広之
和田,悟志
浅井,優
永島,まなみ
勝又,聡
川端,兼
野上,小雁
玉井,七世
平林,遥
相沢,由宇
沼田,利夫
岩田,直人
石山,瞬
山崎,法子
板倉,ジローラモ
長岡,大樹
青柳,コウ
石垣,由宇
山崎,栄一
本多,良介
金城,はじめ
大城,理紗
森口,かおり
松岡,美佳
豊島,那奈
中,直人
島本,隆博
藤,寿々花
北川,幸子
金城,夏空
榊原,翔子
岩田,美優
斎藤,美和子
玉木,咲
新垣,隼士
平林,勇太
黒川,宏
水口,惇
小田島,知世
松崎,たまき
平田,満
安田,佳乃
矢部,勝久
松島,輝信
杉原,美智子
片瀬,剛基
安井,獅童
宮内,未華子
高田,さとみ
大津,亮
内野,まひる
相馬,宏
小平,奈央
香川,耕司
鹿手袋,あさみ
照井,美菜
清水,優
七瀬,知世
今井,そら
岩佐,七世
西島,きみまろ
横田,優
パンツェッタ,愛菜
藤川,明
外山,季衣
大滝,公顕
藤井,一輝
山瀬,聡
玉木,真一
塩見,れいな
波多野,一哉
中谷,花緑
大泉,仁
越智,真一
中村,真帆
宇多田,美月
菊田,有海
寺沢,芳正
石原,メイサ
小倉,了
永井,克実
松田,美幸
酒井,充則
大路,晃司
三橋,長利
宮崎,文世
橘,薫
宮川,美帆
上条,彩華
藤川,一樹
立石,あき
中園,一代
村井,真一
浜口,知世
西村,里奈
福田,優
田村,憲史
井本,満
石山,浩太郎
河内,雅功
大西,京子
岩谷,真奈美
畑,まなみ
大野,寿々花
福士,悟志
パンツェッタ,恵美
金子,小雁
山形,優
小林,由宇
鶴岡,美和子
前原,茂樹
川端,亮
安斎,誠治
パンツェッタ,マサカズ
矢口,菜々美
福井,竜也
一青,瑠璃亜
赤羽,真悠子
野原,夏希
小池,美咲
大槻,禄郎
成瀬,俊介
新谷,美希
浜本,遥
富永,みゆき
土屋,美帆
田畑,くるみ
徳田,あい
坂田,努
磯部,貴嶺
亀田,豊
宮脇,大
門脇,憲一
紺野,だん吉
長島,遥
高橋,満
中尾,知世
岩崎,茂樹
堀口,涼子
浜,慢太郎
塩谷,さとみ
黒沢,あや子
日下部,涼
西沢,徹
宮坂,なつみ
大内,敦
伊崎,寛治
渡辺,良介
車,由宇
石丸,和久
亀田,彩華
吉原,哲平
沼田,勇
朝倉,朝陽
尾崎,里奈
緒方,涼
長沢,杏
石川,六郎
岡本,竜也
荻原,知世
徳重,恵梨香
浅川,涼子
那須,大樹
船橋,公顕
瀬戸内,ひとみ
谷村,はるみ
小宮,大五郎
北,丈史
中村,友以乃
坂上,恵梨香
小野,浩太郎
片山,一
梶原,雅功
椎名,由宇
役所,耕司
三原,裕次郎
秋田,奈央
森谷,ヒロ
上野,めぐみ
三好,啓介
佐伯,れいな
花岡,フミヤ
川井,あや子
山中,進
上田,未來
大谷,祐基
関根,美月
高岡,なぎさ
豊田,光
武藤,友也
神田,美幸
久米,ケンイチ
森谷,一代
浦田,敏也
三谷,恵梨香
小町,璃子
田川,薫
大和田,六郎
大西,洋介
平尾,美幸
小畑,研二
大路,満
矢沢,由美子
白川,奈々
諏訪,理紗
とよた,花
大貫,菜々美
山瀬,一樹
土屋,ひとり
野呂,雅之
植松,恵美
滝,寛治
砂川,公顕
堀井,淳子
菅井,麗奈
末永,恵梨香
原口,愛梨
宮部,慶二
堀井,コウ
富永,由宇
目黒,長利
増井,まなみ
古屋,育二
滝口,洋介
滝沢,奈月
重田,エリカ
吉野,裕次郎
根本,亜希
塚田,鉄二
小森,勝久
徳田,玲那
吹石,礼子
磯部,恵美
浅利,花
池田,ケンイチ
長井,豊
小幡,洋介
中原,光
阪口,禄郎
津田,遥
上原,恵美
西原,陽子
前川,優
江藤,誠治
田所,奈央
難波,さんま
城戸,隼士
宇都宮,莉央
竹本,賢二
高尾,ケンイチ
木村,恵望子
北原,龍吉
ユースケ,丈史
後藤,鉄洋
藤澤,広司
高松,豊
池田,啓介
今村,雅之
田端,花緑
河合,法嗣
岡村,結衣
志賀,瑠璃亜
内野,咲
中根,誠一
長崎,雄太
余,友也
真田,優
徳永,美佐
小市,ちえみ
宍戸,茜
村瀬,瞳
小川,竜也
芹沢,かおり
石野,敦
花岡,康文
今西,三省
尾崎,杏
曽根,結子
小柳,康文
岡村,美帆
北,明
野口,賢二
岡山,博之
花岡,一輝
渡辺,サンタマリア
小室,聖陽
安部,薫
中岡,玲那
野際,恵梨香
向井,そら
武藤,龍吉
江川,貴嶺
市村,秀隆
小野,瞳
本間,紗季
上杉,愛子
竹内,一樹
坂上,茂樹
神野,知史
少路,めぐみ
石丸,綾
今井,明
宮崎,知史
飯田,幸子
村井,雅功
都築,莉央
宮沢,なぎさ
梅村,高史
佐藤,慢太郎
奥田,璃奈子
八田,育二
亀山,照生
大路,マサカズ
久保田,涼
岡崎,あい
柄本,哲平
松尾,了
三船,裕司
西尾,勝久
佐藤,精児
飯野,由美子
難波,南朋
西川,杏
本上,莉沙
野田,幸子
板垣,徹
野田,陽子
細野,杏
神山,秀隆
玉井,サンタマリア
古屋,蒼甫
松尾,さやか
田尻,景子
五十嵐,れいな
沼田,綾女
片瀬,路子
倉本,涼
中村,愛菜
小峰,優
宇佐美,広司
芳賀,雅彦
永島,彩華
西村,憲一
野際,薫
大和,翔太
菅原,勝久
石垣,なつみ
柳,結衣
諏訪,郁恵
三浦,聡
橋本,寿明
平,徹
中村,聖陽
都築,美佐子
奈良,早紀
益岡,広司
吹石,勇
高島,光
小倉,一樹
薬師丸,奈々
大畑,あい
及川,育二
竹田,愛梨
砂川,精児
関根,法嗣
大場,結衣
三好,里穂
宮沢,徹
磯村,有海
中島,雅之
松谷,一徳
森川,博明
唐沢,花
下川,充則
高倉,光
藤本,あい
神木,翔子
岩村,広之
吉川,慎之介
沖,薫
片平,洋
羽田,雅之
柳原,さゆり
徳永,京子
奥村,結衣
八木,光
村上,妃里
川井,遥
内田,洋介
甲斐,華子
岩間,めぐみ
堀北,聡
石田,聡
須田,宏
海音寺,和香
豊島,恵麻
松木,憲史
井上,春樹
藤,直人
田中,咲
徳重,礼子
島袋,ひとみ
山田,敏也
村上,詩織
重田,フミヤ
堀江,美嘉
山口,美嘉
徳田,マサカズ
菅澤,彩
中山,麗奈
曽根,豊
柴田,昴
平賀,あや子
松尾,ちえみ
寺本,真悠子
今,遥
林田,佑
会田,ひろ子
吉岡,里奈
今,晋也
南部,薫
松崎,早織
金子,沙耶
太田,昌代
深田,美嘉
高橋,未華子
前野,博之
千田,希
古谷,知世
鈴木,真帆
八木,莉沙
金井,憲史
佐々木,みき
上原,有海
岩谷,里穂
平野,光洋
牧野,ジョージ
榊原,寛治
栗山,ひろ子
藤山,あや子
阿井,栄一
星,佑
丸田,聡
三輪,美佐
秋葉,季衣
山元,まさみ
福田,季衣
杉本,秀樹
小栗,由美子
茂木,淳子
高畑,恵子
村松,麗奈
宮坂,美智子
河合,勝久
木原,裕司
三宅,路子
藤,浩太郎
上田,洋介
安部,賢二
西井,信吾
秋山,光博
竹本,隆博
平林,美咲
塩沢,一恵
増田,洋
小玉,徹
有賀,公顕
有村,陽介
杉本,俊二
松居,友也
田所,理紗
伊藤,サンタマリア
平賀,ケンイチ
石垣,英嗣
内藤,雅彦
北条,薫
宇田川,右京
福地,希
金井,優一
吹越,勝久
玉置,芳正
大和田,貴美子
若杉,礼子
神山,美幸
宮崎,由樹
亀山,宏
木田,聡
坂下,さゆり
桑原,扶樹